"Reference","Value","Datasheet","Footprint","Qty","DNP"
"C1,C7,C8,C12,C16,C21","10uF","~","Capacitor_SMD:C_0603_1608Metric","6",""
"C2,C3,C4,C5,C6,C9,C10,C11,C13,C14,C15,C17,C18,C19","0.1uF","~","Capacitor_SMD:C_0603_1608Metric","14",""
"C20","22uF","~","Capacitor_SMD:C_0805_2012Metric","1",""
"D3,D4","WS2812B-2020","https://cdn-shop.adafruit.com/product-files/4684/4684_WS2812B-2020_V1.3_EN.pdf","LED_SMD:LED_WS2812B-2020_PLCC4_2.0x2.0mm","2",""
"J1","12402012E212A","","12402012E212A:AMPHENOL_12402012E212A","1",""
"J2","I2C","~","Connector_PinHeader_2.54mm:PinHeader_1x04_P2.54mm_Vertical","1",""
"J5","Load Cell 1","~","TerminalBlock:TerminalBlock_Xinya_XY308-2.54-5P_1x05_P2.54mm_Horizontal","1",""
"J6","Load Cell 2","~","TerminalBlock:TerminalBlock_Xinya_XY308-2.54-5P_1x05_P2.54mm_Horizontal","1",""
"J7","Load Cell 3","~","TerminalBlock:TerminalBlock_Xinya_XY308-2.54-5P_1x05_P2.54mm_Horizontal","1",""
"J8","Load Cell 4","~","TerminalBlock:TerminalBlock_Xinya_XY308-2.54-5P_1x05_P2.54mm_Horizontal","1",""
"L1","2.2uH","~","XFL3012222MEC:XFL3012222MEC","1",""
"Q1,Q2,Q3,Q4","SS8550","http://www.secosgmbh.com/datasheet/products/SSMPTransistor/SOT-23/SS8550.pdf","Package_TO_SOT_SMD:SOT-23","4",""
"R1,R2","5.1k","~","Resistor_SMD:R_0603_1608Metric","2",""
"R5,R6","10k","~","Resistor_SMD:R_0603_1608Metric","2",""
"R7,R8","4.7k","~","Resistor_SMD:R_0603_1608Metric","2",""
"R9,R10,R11,R12,R13,R14,R18,R19,R23,R24,R28,R29","100","~","Resistor_SMD:R_0603_1608Metric","12",""
"R15,R20,R25,R30","20k","~","Resistor_SMD:R_0603_1608Metric","4",""
"R16,R21,R26,R31","8.2k","~","Resistor_SMD:R_0603_1608Metric","4",""
"R17,R22,R27,R32","47k","~","Resistor_SMD:R_0603_1608Metric","4",""
"SW1,SW2","SW_Push","~","SW_PUSH_NO_434121025816:SW_PUSH_NO_434121025816","2",""
"U1","ESP32-S3-MINI-1","https://www.espressif.com/sites/default/files/documentation/esp32-s3-mini-1_mini-1u_datasheet_en.pdf","PCM_Espressif:ESP32-S3-MINI-1","1",""
"U2","AMS1117-3.3","http://www.advanced-monolithic.com/pdf/ds1117.pdf","Package_TO_SOT_SMD:SOT-223-3_TabPin2","1",""
"U3,U5,U6,U7","HX711","https://web.archive.org/web/20220615044707/https://akizukidenshi.com/download/ds/avia/hx711.pdf","Package_SO:SOP-16_3.9x9.9mm_P1.27mm","4",""
"U4","CH340C","https://datasheet.lcsc.com/szlcsc/Jiangsu-Qin-Heng-CH340C_C84681.pdf","Package_SO:SOIC-16_3.9x9.9mm_P1.27mm","1",""
