"Reference","Value","Datasheet","Footprint","Qty","DNP"
"C1,C3","10uF","~","Capacitor_SMD:C_0603_1608Metric","2",""
"C2","22uF","~","Capacitor_SMD:C_0603_1608Metric","1",""
"C4,C7,C8,C10,C12,C13,C15,C17,C18,C20,C22,C23,C25,C26","0.1uF","~","Capacitor_SMD:C_0603_1608Metric","14",""
"C5","0.1 uF","~","Capacitor_SMD:C_0603_1608Metric","1",""
"C6,C11,C16,C21","100uF","~","Capacitor_SMD:CP_Elec_6.3x5.4","4",""
"C9,C14,C19,C24","0.22uF","~","Capacitor_SMD:C_0603_1608Metric","4",""
"D1,D2,D3,D4,D7,D8,D9","WS2812B-2020","https://cdn-shop.adafruit.com/product-files/4684/4684_WS2812B-2020_V1.3_EN.pdf","LED_SMD:LED_WS2812B-2020_PLCC4_2.0x2.0mm","7",""
"D5,D6","LED","~","LED_SMD:LED_0603_1608Metric","2",""
"IC1,IC2,IC3,IC4","DRV8231ADSGR","https://www.ti.com/lit/ds/symlink/drv8231a.pdf?ts=1648534030931&ref_url=https%253A%252F%252Fwww.ti.com%252Fproduct%252FDRV8231A%253FkeyMatch%253DDRV8231ADSGR%2526tisearch%253Dsearch-everything%2526usecase%253DOPN","DRV8321ADSGR:DRV8231ADSGR","4",""
"IC5,IC6,IC7,IC8","A4988SETTR-T","http://www.allegromicro.com/~/media/files/datasheets/a4988-datasheet.pdf","A4988SETTR-T:A4988SETTR-T","4",""
"IC9","SHT40-CD1B-R3","https://sensirion.com/media/documents/33FD6951/6555C40E/Sensirion_Datasheet_SHT4x.pdf","SHT40CD1BR3:SHT40CD1BR3","1",""
"J1","External Power","~","Connector_BarrelJack:BarrelJack_Wuerth_6941xx301002","1",""
"J2","12402012E212A","","12402012E212A:AMPHENOL_12402012E212A","1",""
"J3","I2C","~","TerminalBlock:TerminalBlock_Xinya_XY308-2.54-4P_1x04_P2.54mm_Horizontal","1",""
"J4","OneWire","~","TerminalBlock:TerminalBlock_Xinya_XY308-2.54-3P_1x03_P2.54mm_Horizontal","1",""
"J5","Digital/Analog IO","~","TerminalBlock:TerminalBlock_Xinya_XY308-2.54-4P_1x04_P2.54mm_Horizontal","1",""
"J6","M1","~","Connector_JST:JST_XH_B2B-XH-AM_1x02_P2.50mm_Vertical","1",""
"J7","M2","~","Connector_JST:JST_XH_B2B-XH-AM_1x02_P2.50mm_Vertical","1",""
"J8","M3","~","Connector_JST:JST_XH_B2B-XH-AM_1x02_P2.50mm_Vertical","1",""
"J9","M4","~","Connector_JST:JST_XH_B2B-XH-AM_1x02_P2.50mm_Vertical","1",""
"J10","M5","~","Connector_JST:JST_XH_B4B-XH-AM_1x04_P2.50mm_Vertical","1",""
"J11","M6","~","Connector_JST:JST_XH_B4B-XH-AM_1x04_P2.50mm_Vertical","1",""
"J12","M7","~","Connector_JST:JST_XH_B4B-XH-AM_1x04_P2.50mm_Vertical","1",""
"J13","M8","~","Connector_JST:JST_XH_B4B-XH-AM_1x04_P2.50mm_Vertical","1",""
"J14,J15,J16","Jumper","~","Connector_PinHeader_2.54mm:PinHeader_1x03_P2.54mm_Vertical","3",""
"L1","2.2uH","~","XFL3012222MEC:XFL3012222MEC","1",""
"PS1","TPS62162DSGT","http://www.ti.com/lit/gpn/tps62162","TPS62162DSGT:TPS62162DSGT","1",""
"R1","100k","~","Resistor_SMD:R_0603_1608Metric","1",""
"R2,R3,R4,R5","1100","~","Resistor_SMD:R_0603_1608Metric","4",""
"R6,R8,R13,R14,R25","10k","~","Resistor_SMD:R_0603_1608Metric","5",""
"R7,R24","91k","~","Resistor_SMD:R_0603_1608Metric","2",""
"R9,R10","5.1k","~","Resistor_SMD:R_0603_1608Metric","2",""
"R11,R12,R15","4.7k","~","Resistor_SMD:R_0603_1608Metric","3",""
"R16,R17,R18,R19,R20,R21,R22,R23","0.1","~","Resistor_SMD:R_0603_1608Metric","8",""
"SW1","SW_Push","~","SW_PUSH_NO_434121025816:SW_PUSH_NO_434121025816","1",""
"U1","ESP32-S3-WROOM-1","https://www.espressif.com/sites/default/files/documentation/esp32-s3-wroom-1_wroom-1u_datasheet_en.pdf","PCM_Espressif:ESP32-S3-WROOM-1","1",""
"U2","AMS1117-3.3","http://www.advanced-monolithic.com/pdf/ds1117.pdf","Package_TO_SOT_SMD:SOT-223-3_TabPin2","1",""
"U3","CH340C","https://datasheet.lcsc.com/szlcsc/Jiangsu-Qin-Heng-CH340C_C84681.pdf","Package_SO:SOIC-16_3.9x9.9mm_P1.27mm","1",""
