"Reference","Value","Datasheet","Footprint","Qty","DNP"
"C1,C3,C6","10uF","~","Capacitor_SMD:C_0603_1608Metric","3",""
"C2,C7","22uF","~","Capacitor_SMD:C_0805_2012Metric","2",""
"C5","0.1 uF","~","Capacitor_SMD:C_0603_1608Metric","1",""
"D1,D2,D3","WS2812B-2020","https://cdn-shop.adafruit.com/product-files/4684/4684_WS2812B-2020_V1.3_EN.pdf","LED_SMD:LED_WS2812B-2020_PLCC4_2.0x2.0mm","3",""
"IC1","A3909GLYTR-T","A3909GLYTR-T","A3909GLYTR-T:A3909GLYTR-T_ALM","1",""
"J1,J2","Screw_Terminal_01x08","~","TerminalBlock:TerminalBlock_Xinya_XY308-2.54-8P_1x08_P2.54mm_Horizontal","2",""
"J3","Screw_Terminal_01x06","~","TerminalBlock:TerminalBlock_Xinya_XY308-2.54-6P_1x06_P2.54mm_Horizontal","1",""
"J4","Screw_Terminal_01x02","~","TerminalBlock:TerminalBlock_Xinya_XY308-2.54-2P_1x02_P2.54mm_Horizontal","1",""
"J5","UART Pins","~","Connector_PinHeader_2.54mm:PinHeader_1x04_P2.54mm_Vertical","1",""
"J6","12402012E212A","","12402012E212A:AMPHENOL_12402012E212A","1",""
"J7","Jumper","~","Connector_PinHeader_2.54mm:PinHeader_1x03_P2.54mm_Vertical","1",""
"Q1,Q2,Q3,Q4,Q5,Q6,Q7,Q8","DMG1012T","https://www.diodes.com/assets/Datasheets/ds31783.pdf","Package_TO_SOT_SMD:SOT-523","8",""
"R1,R2,R3,R5,R7,R9,R11,R13,R15,R17","10K","~","Resistor_SMD:R_0603_1608Metric","10",""
"R4,R6,R8,R10,R12,R14,R16,R18","130","~","Resistor_SMD:R_0603_1608Metric","8",""
"R19,R20","5.1K","~","Resistor_SMD:R_0603_1608Metric","2",""
"SW1,SW2","SW_Push","~","SW_PUSH_NO_434121025816:SW_PUSH_NO_434121025816","2",""
"U1","ESP32-C6-WROOM-1","https://www.espressif.com/sites/default/files/documentation/esp32-c6-wroom-1_wroom-1u_datasheet_en.pdf","PCM_Espressif:ESP32-C6-WROOM-1","1",""
"U2,U4","AMS1117-3.3","http://www.advanced-monolithic.com/pdf/ds1117.pdf","Package_TO_SOT_SMD:SOT-223-3_TabPin2","2",""
"U3","CH340C","https://datasheet.lcsc.com/szlcsc/Jiangsu-Qin-Heng-CH340C_C84681.pdf","Package_SO:SOIC-16_3.9x9.9mm_P1.27mm","1",""
